Year,Disaster Group,Disaster Subgroup,Disaster Type,Disaster Subtype,Disaster Subsubtype,Event Name,Country,ISO,Continent,Location,Dis Mag Value,Dis Mag Scale,Start Year,Start Month,Start Day,End Year,End Month,End Day,Total Deaths,Total Damages ('000 US$),CPI
1900,Natural,Meteorological,Storm,Tropical cyclone,,,United States of America (the),USA,Americas,Galveston (Texas),220.0,Kph,1900,9.0,8.0,1900,9.0,8.0,6000.0,30000.0,3.221647271
1906,Natural,Meteorological,Storm,Tropical cyclone,,,United States of America (the),USA,Americas,Florida,177.0,Kph,1906,,,1906,,,164.0,,3.479379053
1906,Natural,Meteorological,Storm,Tropical cyclone,,,United States of America (the),USA,Americas,"Mississippi, Alabama, Pensacola",209.0,Kph,1906,,,1906,,,134.0,,3.479379053
1909,Natural,Meteorological,Storm,Tropical cyclone,,,United States of America (the),USA,Americas,Grand Isle (Louisiana),249.0,Kph,1909,,,1909,,,350.0,,3.479379053
1909,Natural,Meteorological,Storm,Tropical cyclone,,,United States of America (the),USA,Americas,Velasco (Texas),209.0,Kph,1909,,,1909,,,41.0,,3.479379053
1910,Natural,Meteorological,Storm,Tropical cyclone,,,United States of America (the),USA,Americas,Florida,209.0,Kph,1910,,,1910,,,30.0,,3.608244944
1915,Natural,Meteorological,Storm,Tropical cyclone,,,United States of America (the),USA,Americas,"Cavelston (Texas), New Orleans (Louisiana)",249.0,Kph,1915,8.0,,1915,8.0,,525.0,60000.0,3.917523082
1918,Natural,Meteorological,Storm,Tropical cyclone,,,United States of America (the),USA,Americas,Louisiana (Southwest),209.0,Kph,1918,,,1918,,,34.0,,5.824738266
1919,Natural,Meteorological,Storm,Tropical cyclone,,,United States of America (the),USA,Americas,"Florida Keys, South Texas",249.0,Kph,1919,9.0,,1919,9.0,,500.0,25000.0,6.713912913
1926,Natural,Meteorological,Storm,Tropical cyclone,,,United States of America (the),USA,Americas,Louisiana,209.0,Kph,1926,,,1926,,,25.0,,6.855665393
1926,Natural,Meteorological,Storm,Tropical cyclone,,,United States of America (the),USA,Americas,"Florida, Alabama, Pensacola",249.0,Kph,1926,9.0,,1926,9.0,,243.0,73000.0,6.855665393
1928,Natural,Meteorological,Storm,Tropical cyclone,,,United States of America (the),USA,Americas,Lake Okeechobee (Florida),249.0,Kph,1928,9.0,,1928,9.0,,1836.0,25000.0,6.649479968
1932,Natural,Meteorological,Storm,Tropical cyclone,,,United States of America (the),USA,Americas,Freeport (Texas),,Kph,1932,,,1932,,,40.0,,5.283501525
1933,Natural,Meteorological,Storm,Tropical cyclone,,,United States of America (the),USA,Americas,South Texas,,Kph,1933,,,1933,,,40.0,,5.012883154
1935,Natural,Meteorological,Storm,Tropical cyclone,,,United States of America (the),USA,Americas,Florida,249.0,Kph,1935,9.0,,1935,9.0,,408.0,6000.0,5.309274703
1938,Natural,Meteorological,Storm,Tropical cyclone,,,United States of America (the),USA,Americas,New York,,Kph,1938,9.0,,1938,9.0,,600.0,306000.0,5.451027183
1940,Natural,Meteorological,Storm,Tropical cyclone,,,United States of America (the),USA,Americas,"Georgia, Carolinas",177.0,Kph,1940,,,1940,,,50.0,,5.425254005
1944,Natural,Meteorological,Storm,Tropical cyclone,,,United States of America (the),USA,Americas,East coast,209.0,Kph,1944,9.0,,1944,9.0,,390.0,100000.0,6.817005626
1947,Natural,Meteorological,Storm,Tropical cyclone,,,United States of America (the),USA,Americas,"Florida, Louisiana",249.0,Kph,1947,9.0,,1947,9.0,,51.0,100000.0,8.646901276
1954,Natural,Meteorological,Storm,Tropical cyclone,,Carol,United States of America (the),USA,Americas,East Coast,,Kph,1954,8.0,,1954,8.0,,60.0,450000.0,10.39947739
1954,Natural,Meteorological,Storm,Tropical cyclone,,Hazel,United States of America (the),USA,Americas,"South Carolina, North Carolina",249.0,Kph,1954,10.0,,1954,10.0,,95.0,281000.0,10.39947739
1954,Natural,Meteorological,Storm,Tropical cyclone,,,United States of America (the),USA,Americas,,,Kph,1954,9.0,,1954,9.0,,68.0,,10.39947739
1955,Natural,Meteorological,Storm,Tropical cyclone,,,United States of America (the),USA,Americas,Connie (North Carolina),209.0,Kph,1955,,,1955,,,25.0,,10.34538148
1955,Natural,Meteorological,Storm,Tropical cyclone,,Diane,United States of America (the),USA,Americas,East Coast,152.0,Kph,1955,8.0,16.0,1955,8.0,16.0,184.0,832000.0,10.34538148
1957,Natural,Meteorological,Storm,Tropical cyclone,,Audrey,United States of America (the),USA,Americas,Gulf Coast,249.0,Kph,1957,6.0,26.0,1957,6.0,26.0,390.0,150000.0,10.85411263
1960,Natural,Meteorological,Storm,Tropical cyclone,,Donna,United States of America (the),USA,Americas,East Coast,,Kph,1960,9.0,9.0,1960,9.0,9.0,50.0,387000.0,11.42725138
1961,Natural,Meteorological,Storm,Tropical cyclone,,Carla,United States of America (the),USA,Americas,Texas,249.0,Kph,1961,9.0,11.0,1961,9.0,11.0,46.0,408000.0,11.54960108
1964,Natural,Meteorological,Storm,Tropical cyclone,,,United States of America (the),USA,Americas,Louisiana,209.0,Kph,1964,10.0,,1964,10.0,,38.0,,11.98428136
1964,Natural,Meteorological,Storm,Tropical cyclone,,Dora,United States of America (the),USA,Americas,Florida,,Kph,1964,9.0,9.0,1964,9.0,9.0,5.0,250000.0,11.98428136
1965,Natural,Meteorological,Storm,Tropical cyclone,,Betsy,United States of America (the),USA,Americas,"Florida, Louisiana, Alabama, Mississippi",,Kph,1965,9.0,7.0,1965,9.0,7.0,299.0,1420000.0,12.17425308
1967,Natural,Meteorological,Storm,Tropical cyclone,,Hurricane Beulah,United States of America (the),USA,Americas,Texas,,Kph,1967,9.0,19.0,1967,9.0,19.0,15.0,200000.0,12.88906472
1969,Natural,Meteorological,Storm,Tropical cyclone,,Camille,United States of America (the),USA,Americas,"Mississippi, Louisiana, Virginia",249.0,Kph,1969,8.0,17.0,1969,8.0,17.0,323.0,1420000.0,14.17378236
1970,Natural,Meteorological,Storm,Tropical cyclone,,Celia,United States of America (the),USA,Americas,Texas,,Kph,1970,8.0,3.0,1970,8.0,3.0,11.0,450000.0,15.00128211
1972,Natural,Meteorological,Storm,Tropical cyclone,,Agnes,United States of America (the),USA,Americas,East,153.0,Kph,1972,6.0,18.0,1972,6.0,18.0,122.0,2100000.0,16.15721204
1972,Natural,Meteorological,Storm,Tropical cyclone,,,United States of America (the),USA,Americas,,,Kph,1972,6.0,,1972,6.0,,134.0,,16.15721204
1975,Natural,Meteorological,Storm,Tropical cyclone,,Eloise,United States of America (the),USA,Americas,Florida,,Kph,1975,9.0,16.0,1975,9.0,16.0,21.0,550000.0,20.79379863
1979,Natural,Meteorological,Storm,Tropical cyclone,,Frederic,United States of America (the),USA,Americas,Gulf coast,,Kph,1979,9.0,12.0,1979,9.0,12.0,31.0,2300000.0,28.04168132
1980,Natural,Meteorological,Storm,Tropical cyclone,,Allen,United States of America (the),USA,Americas,"Texas, Louisiana",270.0,Kph,1980,8.0,9.0,1980,8.0,9.0,,860000.0,31.84110657
1980,Natural,Meteorological,Storm,Tropical cyclone,,,United States of America (the),USA,Americas,Kalamazoo,,Kph,1980,5.0,13.0,1980,5.0,13.0,7.0,30000.0,31.84110657
1980,Natural,Meteorological,Storm,Tropical cyclone,,,United States of America (the),USA,Americas,Nebraska,,Kph,1980,6.0,4.0,1980,6.0,4.0,5.0,20000.0,31.84110657
1982,Natural,Meteorological,Storm,Tropical cyclone,,Iwa,United States of America (the),USA,Americas,Hawaii,,Kph,1982,11.0,23.0,1982,11.0,23.0,3.0,230000.0,37.28586971
1983,Natural,Meteorological,Storm,Tropical cyclone,,Alicia,United States of America (the),USA,Americas,Texas,,Kph,1983,8.0,17.0,1983,8.0,17.0,21.0,3000000.0,38.4836513
1985,Natural,Meteorological,Storm,Tropical cyclone,,Kate,United States of America (the),USA,Americas,"Florida, Panhandle, Georgia",177.0,Kph,1985,,,1985,,,5.0,,41.56182689
1985,Natural,Meteorological,Storm,Tropical cyclone,,Elena,United States of America (the),USA,Americas,"Florida, Arkansas, Kentucky, South Dakota, Iowa, Michgigan, Indianapolis, Missouri",209.0,Kph,1985,8.0,30.0,1985,8.0,30.0,4.0,1100000.0,41.56182689
1985,Natural,Meteorological,Storm,Tropical cyclone,,Gloria,United States of America (the),USA,Americas,East Coast,249.0,Kph,1985,9.0,27.0,1985,9.0,27.0,11.0,900000.0,41.56182689
1985,Natural,Meteorological,Storm,Tropical cyclone,,Juan,United States of America (the),USA,Americas,"Louisiana, Mississippi, Florida Panhandle",177.0,Kph,1985,10.0,27.0,1985,10.0,27.0,12.0,1500000.0,41.56182689
1987,Natural,Meteorological,Storm,Tropical cyclone,,,United States of America (the),USA,Americas,"Colorado, Texas",,Kph,1987,6.0,23.0,1987,6.0,23.0,,,43.90266239
1988,Natural,Meteorological,Storm,Tropical cyclone,,Keith,United States of America (the),USA,Americas,Floride,,Kph,1988,11.0,22.0,1988,11.0,22.0,,,45.69289676
1989,Natural,Meteorological,Storm,Tropical cyclone,,Hugo,United States of America (the),USA,Americas,South Caroline,,Kph,1989,9.0,25.0,1989,9.0,25.0,51.0,7000000.0,47.89849737
1989,Natural,Meteorological,Storm,Tropical cyclone,,Allison,United States of America (the),USA,Americas,"Texas, Louisiane",,Kph,1989,6.0,25.0,1989,6.0,25.0,,500000.0,47.89849737
1989,Natural,Meteorological,Storm,Tropical cyclone,,Chantal,United States of America (the),USA,Americas,Texas,,Kph,1989,8.0,1.0,1989,8.0,2.0,,,47.89849737
1989,Natural,Meteorological,Storm,Tropical cyclone,, Jerry,United States of America (the),USA,Americas,Texas,,Kph,1989,10.0,15.0,1989,10.0,15.0,2.0,,47.89849737
1991,Natural,Meteorological,Storm,Tropical cyclone,,Bob,United States of America (the),USA,Americas,"North Carolina, Delaware, New York, Richmond, Maine, Rhode Island, Connecticut, Massachusetts, Indiana, Michigan, Ohio, Kentucky",160.0,Kph,1991,8.0,18.0,1991,8.0,20.0,18.0,1500000.0,52.62202002
1991,Natural,Meteorological,Storm,Tropical cyclone,,Bob,United States of America (the),USA,Americas,"New England, New York, New Jersey",160.0,Kph,1991,10.0,30.0,1991,10.0,30.0,2.0,,52.62202002
1991,Natural,Meteorological,Storm,Tropical cyclone,,Grace,United States of America (the),USA,Americas,"Massachusetts, New York, Rhode Island, New Jersey, Connecticut",,Kph,1991,10.0,29.0,1991,10.0,29.0,2.0,,52.62202002
1992,Natural,Meteorological,Storm,Tropical cyclone,,Iniki,United States of America (the),USA,Americas,"Kauai, Nihau, Oahu, Hawai",,Kph,1992,9.0,11.0,1992,9.0,12.0,6.0,5000000.0,54.21584465
1992,Natural,Meteorological,Storm,Tropical cyclone,,Andrew,United States of America (the),USA,Americas,"Florida, Louisiana, Bahamas",290.0,Kph,1992,8.0,24.0,1992,8.0,24.0,44.0,26500000.0,54.21584465
1992,Natural,Meteorological,Storm,Tropical cyclone,,Axel,United States of America (the),USA,Americas,Majuro ( Marshall Isl.),,Kph,1992,1.0,7.0,1992,1.0,7.0,,,54.21584465
1993,Natural,Meteorological,Storm,Tropical cyclone,,Emily,United States of America (the),USA,Americas,North Carolina,113.0,Kph,1993,8.0,28.0,1993,8.0,28.0,1.0,,55.8161073
1993,Natural,Meteorological,Storm,Tropical cyclone,,,United States of America (the),USA,Americas,Texas,,Kph,1993,4.0,28.0,1993,4.0,29.0,,,55.8161073
1993,Natural,Meteorological,Storm,Tropical cyclone,,Wylie,United States of America (the),USA,Americas,"Minnesota, Kansas, Oklahoma, South Dakota, Texas, Arkansas, Nebraska, Louisiana",,Kph,1993,5.0,5.0,1993,5.0,5.0,3.0,,55.8161073
1994,Natural,Meteorological,Storm,Tropical cyclone,,Gordon,United States of America (the),USA,Americas,,,Kph,1994,11.0,13.0,1994,11.0,18.0,6.0,500000.0,57.27148263
1994,Natural,Meteorological,Storm,Tropical cyclone,,Alberto,United States of America (the),USA,Americas,"Georgia, Michigan, Florida, Alabama",,Kph,1994,7.0,,1994,7.0,,32.0,250000.0,57.27148263
1995,Natural,Meteorological,Storm,Tropical cyclone,,Opal,United States of America (the),USA,Americas,"Florida, Georgia, Alabama, North Carolina",200.0,Kph,1995,10.0,4.0,1995,10.0,8.0,19.0,3000000.0,58.87818329
1995,Natural,Meteorological,Storm,Tropical cyclone,,Erin,United States of America (the),USA,Americas,"Florida, Alabama, Mississipi",135.0,Kph,1995,7.0,31.0,1995,8.0,6.0,11.0,700000.0,58.87818329
1995,Natural,Meteorological,Storm,Tropical cyclone,,Marilyn,United States of America (the),USA,Americas,,,Kph,1995,9.0,14.0,1995,9.0,19.0,8.0,2100000.0,58.87818329
1996,Natural,Meteorological,Storm,Tropical cyclone,,Fran,United States of America (the),USA,Americas,"North Carolina, South Carolina, Virginia, Maryland, West Virginia, Pennsylvania, Ohio, Washington DC",193.0,Kph,1996,9.0,5.0,1996,9.0,11.0,39.0,3400000.0,60.60402838
1997,Natural,Meteorological,Storm,Tropical cyclone,,Danny,United States of America (the),USA,Americas,"Louisiana, Alabama, South Carolina, North Carolina",,Kph,1997,7.0,18.0,1997,7.0,24.0,,,62.02075732
1998,Natural,Meteorological,Storm,Tropical cyclone,,Charley,United States of America (the),USA,Americas,Texas,97.0,Kph,1998,8.0,21.0,1998,8.0,24.0,7.0,,62.98350111
1998,Natural,Meteorological,Storm,Tropical cyclone,,Georges,United States of America (the),USA,Americas,"Florida, Mississippi, Alabama, Lousiana",,Kph,1998,9.0,20.0,1998,9.0,29.0,4.0,1204950.0,62.98350111
1998,Natural,Meteorological,Storm,Tropical cyclone,,Bonnie,United States of America (the),USA,Americas,"North Carolina, Virginia, South Carolina",,Kph,1998,8.0,19.0,1998,8.0,30.0,2.0,1500000.0,62.98350111
1998,Natural,Meteorological,Storm,Tropical cyclone,,Frances,United States of America (the),USA,Americas,"Texas, Louisiana",,Kph,1998,9.0,8.0,1998,9.0,13.0,1.0,500000.0,62.98350111
1999,Natural,Meteorological,Storm,Tropical cyclone,,Floyd,United States of America (the),USA,Americas,"North Carolina, Florida, South Carolina, Virginia, Maryland, Pennsylvania, New Jersey, New York, Delaware, Rhode Island, Connecticut, Massachusetts, Vermont",200.0,Kph,1999,9.0,13.0,1999,9.0,17.0,70.0,7000000.0,64.36159282
1999,Natural,Meteorological,Storm,Tropical cyclone,,Bret,United States of America (the),USA,Americas,Kennedy county (Texas),200.0,Kph,1999,8.0,22.0,1999,8.0,23.0,3.0,70000.0,64.36159282
1999,Natural,Meteorological,Storm,Tropical cyclone,,Irene,United States of America (the),USA,Americas,"Bahamas, Floride",120.0,Kph,1999,10.0,15.0,1999,10.0,15.0,6.0,100000.0,64.36159282
1999,Natural,Meteorological,Storm,Tropical cyclone,,Dennis,United States of America (the),USA,Americas,"Bahamas, North Carolina, Virginia",,Kph,1999,8.0,28.0,1999,9.0,7.0,3.0,62500.0,64.36159282
2000,Natural,Meteorological,Storm,Tropical cyclone,,Leslie,United States of America (the),USA,Americas,"Miami-Dade, Monroe, Broward, Collier districts (Florida province)",,Kph,2000,10.0,4.0,2000,10.0,4.0,2.0,219000.0,66.53499421
2001,Natural,Meteorological,Storm,Tropical cyclone,,Allison,United States of America (the),USA,Americas,"Texas, Mississippi, Louisiana, Florida, Pennsylvania, South Carolina, North Carolina, Georgia, Pensylvania, New Jersey, Virginia, Iowa provinces",,Kph,2001,6.0,5.0,2001,6.0,17.0,41.0,6000000.0,68.41537906
2002,Natural,Meteorological,Storm,Tropical cyclone,,Lili,United States of America (the),USA,Americas,"St. Tammany, Terrebonne, Lafayette, Acadia, Evangeline, Rapides districts (Louisiana province)",,Kph,2002,10.0,3.0,2002,10.0,3.0,,2000000.0,69.50047255
2002,Natural,Meteorological,Storm,Tropical cyclone,,Isidore,United States of America (the),USA,Americas,"Louisiane, Mississippi, Alabama, Tennessee provinces",105.0,Kph,2002,9.0,26.0,2002,9.0,27.0,1.0,300000.0,69.50047255
2003,Natural,Meteorological,Storm,Tropical cyclone,,Isabel,United States of America (the),USA,Americas,"North Carolina, Maryland, Virginia, West Virginia, Delaware, Pennsylvania, New Jersey, District of Columbia provinces",170.0,Kph,2003,9.0,18.0,2003,9.0,22.0,16.0,3370000.0,71.07819758
2003,Natural,Meteorological,Storm,Tropical cyclone,,Bill,United States of America (the),USA,Americas,"Orleans, St. John the Baptist, Terrebonne, St. Tammany, Tangipahoa districts (Louisiana province), Hancock, Harrison, Jackson, Pike, Walthall districts (Mississippi province), Bay district (Florida province), Mobile, Baldwin, Lee districts (Alabama province), Sumter, Bulloch, Fulton, DeKalb, Cobb, Clayton, Gwinnett districts (Georgia province), Wake district (North Carolina province)",95.0,Kph,2003,6.0,30.0,2003,6.0,30.0,4.0,50000.0,71.07819758
2004,Natural,Meteorological,Storm,Tropical cyclone,,Ivan,United States of America (the),USA,Americas,"Alabama, Louisiana, Mississippi, Florida, Pennsylvania, Maryland, New Jersey, Ohio, North Carolina, West Virginia, Georgia, Tennessee provinces",,Kph,2004,9.0,15.0,2004,9.0,16.0,52.0,18000000.0,72.98112921
2004,Natural,Meteorological,Storm,Tropical cyclone,,Frances,United States of America (the),USA,Americas,"Martin, Palm Beach districts (Florida province), North Carolina, South Carolina, Ohio provinces",,Kph,2004,9.0,5.0,2004,9.0,5.0,47.0,11000000.0,72.98112921
2004,Natural,Meteorological,Storm,Tropical cyclone,,Gaston,United States of America (the),USA,Americas,"Richmond, Lynchburg, Chesterfield districts (Virginia province), South Carolina, North Carolina provinces",,Kph,2004,8.0,29.0,2004,8.0,30.0,7.0,62500.0,72.98112921
2004,Natural,Meteorological,Storm,Tropical cyclone,,Charley,United States of America (the),USA,Americas,"Bay, Calhoun, Escambia, Franklin, Gadsden, Gulf, Holmes, Jackson, Jefferson, Leon, Liberty, Madison, Okaloosa, Santa Rosa, Taylor, Wakulla, Walton, Washington districts (Florida province), South Carolina, North Carolina provinces",230.0,Kph,2004,8.0,13.0,2004,8.0,13.0,10.0,16000000.0,72.98112921
2004,Natural,Meteorological,Storm,Tropical cyclone,,Jeanne,United States of America (the),USA,Americas,Florida province,,Kph,2004,9.0,25.0,2004,9.0,26.0,6.0,8000000.0,72.98112921
2005,Natural,Meteorological,Storm,Tropical cyclone,,Katrina,United States of America (the),USA,Americas,"Mobile, Bayou La Batre, Dauphin Island, Coden areas (Mobile district, Alabama province), New Orleans city (Orleans district, Louisiana province), Slidell area (St. Tammany district, Louisiana province), St. Bernard district (Louisiana province), Biloxi, Gulfport cities (Harrison district, Mississippi province), Pascagoula city (Jackson district, Mississippi province), Waveland, Bay St. Louis cities (Hancock district, Mississippi province), Georgia, Florida provinces",280.0,Kph,2005,8.0,29.0,2005,9.0,19.0,1833.0,125000000.0,75.45719958
2005,Natural,Meteorological,Storm,Tropical cyclone,,"Hurricane ""Wilma""",United States of America (the),USA,Americas,"Florida Keys, Naples areas (Collier district, Florida province)",165.0,Kph,2005,10.0,24.0,2005,10.0,24.0,4.0,14300000.0,75.45719958
2005,Natural,Meteorological,Storm,Tropical cyclone,,Rita,United States of America (the),USA,Americas,"Louisiana, Texas, Mississippi provinces",280.0,Kph,2005,9.0,23.0,2005,10.0,1.0,10.0,16000000.0,75.45719958
2005,Natural,Meteorological,Storm,Tropical cyclone,,"Hurricane ""Dennis""",United States of America (the),USA,Americas,"Florida, Georgia provinces",,Kph,2005,7.0,10.0,2005,7.0,10.0,5.0,2230000.0,75.45719958
2006,Natural,Meteorological,Storm,Tropical cyclone,,Ernesto,United States of America (the),USA,Americas,"South Carolina, North Carolina, Virginia provinces",119.0,Kph,2006,8.0,2.0,2006,9.0,7.0,6.0,32860.0,77.89139999
2007,Natural,Meteorological,Storm,Tropical cyclone,,Erin,United States of America (the),USA,Americas,"Texas, Oklahoma, Missouri provinces",132.0,Kph,2007,8.0,16.0,2007,8.0,19.0,7.0,,80.11339326
2008,Natural,Meteorological,Storm,Tropical cyclone,,Hurricane Dolly,United States of America (the),USA,Americas,"Panama city beach (Bay district, Florida province), Aransas, Bexar, Brooks, Calhoun, Cameron, Hidalgo, Jim Wells, Kenedy, Kleberg, Nueces, Refugio, San Patricio, Starr, Victoria, Willacy districts (Texas province)",160.0,Kph,2008,7.0,23.0,2008,7.0,23.0,,1200000.0,83.18902296
2008,Natural,Meteorological,Storm,Tropical cyclone,,"Tropical Storm ""Fay""",United States of America (the),USA,Americas,"Florida, Georgia, Alabama, Mississippi provinces",100.0,Kph,2008,8.0,20.0,2008,8.0,28.0,12.0,180000.0,83.18902296
2008,Natural,Meteorological,Storm,Tropical cyclone,,Hurricane Ike,United States of America (the),USA,Americas,"Galveston, Brazoria, Harris, Chambers, Jefferson districts (Texas province), Louisiana, Tennessee, Arkansas, Ohio, Indiana, Illinois, Missouri, Kentucky, Pennsylvania, Michigan provinces",200.0,Kph,2008,9.0,12.0,2008,9.0,16.0,82.0,30000000.0,83.18902296
2008,Natural,Meteorological,Storm,Tropical cyclone,,"Hurricane ""Gustav""",United States of America (the),USA,Americas,"Louisiana, Mississippi, Texas, Alabama provinces",,Kph,2008,9.0,1.0,2008,9.0,1.0,43.0,7000000.0,83.18902296
2008,Natural,Meteorological,Storm,Tropical cyclone,,Hurricane Hanna,United States of America (the),USA,Americas,"Florida, North Carolina, Maryland provinces",,Kph,2008,8.0,28.0,2008,8.0,28.0,7.0,160000.0,83.18902296
2009,Natural,Meteorological,Storm,Tropical cyclone,,"Hurricane ""Ida""",United States of America (the),USA,Americas,"Kent, Sussex districts (Delaware province), Atlantic, Burlington, Cape May, Cumberland, Monmouth, Ocean districts (New Jersey province), Virginia, New York, North Carolina, Pennsylvannia provinces",,Kph,2009,11.0,9.0,2009,11.0,10.0,6.0,600000.0,82.89324989
2009,Natural,Meteorological,Storm,Tropical cyclone,,Hurricane Bill,United States of America (the),USA,Americas,Maine province,,Kph,2009,8.0,23.0,2009,8.0,23.0,3.0,,82.89324989
2010,Natural,Meteorological,Storm,Tropical cyclone,,Hurricane Earl,United States of America (the),USA,Americas,"North Carolina, Virginia, Maryland, Massachusetts, Rhode Island provinces",,Kph,2010,9.0,3.0,2010,9.0,3.0,1.0,100000.0,84.25273272
2010,Natural,Meteorological,Storm,Tropical cyclone,,Tropical storm Hermine,United States of America (the),USA,Americas,Texas province,,Kph,2010,9.0,7.0,2010,9.0,11.0,8.0,,84.25273272
2011,Natural,Meteorological,Storm,Tropical cyclone,,Hurricane Irene,United States of America (the),USA,Americas,"New York, New Jersey, Pennsylvania, North Carolina, Virginia, Maryland, District of Columbia, Connecticut, Florida provinces",252912.0,Kph,2011,8.0,27.0,2011,9.0,13.0,46.0,7300000.0,86.91246502
2011,Natural,Meteorological,Storm,Tropical cyclone,,Tropical Storm Lee,United States of America (the),USA,Americas,"Louisiana, Mississippi, Alabama, Texas, New York, Pennsylvania, District of Columbia, Georgia, Maryland, Tennessee, Virginia provinces",75.0,Kph,2011,9.0,4.0,2011,9.0,9.0,15.0,750000.0,86.91246502
2012,Natural,Meteorological,Storm,Tropical cyclone,,Hurricane Sandy,United States of America (the),USA,Americas,"New York, New Jersey, Pennsylvania, Connecticut, Ohio, Delaware, Rhode Island, Maryland, Massachusetts, Maine, New Hampshire, North Carolina, Vermont, Virginia, District of Columbia, West Virginia provinces",,Kph,2012,10.0,28.0,2012,10.0,28.0,54.0,50000000.0,88.71096898
2012,Natural,Meteorological,Storm,Tropical cyclone,,Hurricane Isaac,United States of America (the),USA,Americas,"Mississippi, Louisiana provinces",83938.0,Kph,2012,8.0,28.0,2012,8.0,29.0,1.0,2000000.0,88.71096898
2012,Natural,Meteorological,Storm,Tropical cyclone,,Tropical storm Debby,United States of America (the),USA,Americas,"Bay, Calhoun, Escambia, Franklin, Gadsden, Gulf, Holmes, Jackson, Jefferson, Leon, Liberty, Madison, Okaloosa, Santa Rosa, Taylor, Wakulla, Walton, Washington, Brevard, Citrus, Hardee, Hernando, Hillsborough, Indian River, Lake, Manatee, Marion, Orange, Osceola, Pasco, Pinellas, Polk, Seminole, Sumter, Volusia districts",67994.0,Kph,2012,6.0,22.0,2012,6.0,27.0,9.0,210000.0,88.71096898
2014,Natural,Meteorological,Storm,Tropical cyclone,,Hurricane Iselle,United States of America (the),USA,Americas,Hawaii province,95.0,Kph,2014,8.0,8.0,2014,8.0,10.0,1.0,66000.0,91.47061409
2015,Natural,Meteorological,Storm,Tropical cyclone,,Joaquin,United States of America (the),USA,Americas,"South Carolina, North Carolina",,Kph,2015,10.0,1.0,2015,10.0,13.0,25.0,2000000.0,91.57911703
2016,Natural,Meteorological,Storm,Tropical cyclone,,Hurricane Hermine,United States of America (the),USA,Americas,"Georgia, Florida, South Carolina, New York, New Jersey; Cedar Key, Florida, Aurora (North Carolina); Virginia Tidewater region",85.0,Kph,2016,9.0,1.0,2016,9.0,6.0,3.0,600000.0,92.73447917
2016,Natural,Meteorological,Storm,Tropical cyclone,,Hurricane 'Matthew',United States of America (the),USA,Americas,"Florida, Georgia, South Carolina, North Carolina, Virginia provinces",,Kph,2016,10.0,8.0,2016,10.0,12.0,49.0,10000000.0,92.73447917
2017,Natural,Meteorological,Storm,Tropical cyclone,,Hurricane Harvey,United States of America (the),USA,Americas,"Eastern Texas (Rockport, Corpus Chrsti, Port Lavaca, Cypress area of Houston, Houston metro area, Beaumont, Port Arthur, Angelina, Aransas, Atascosa, Austin, Bastrop, Bee, Bexar, Brazoria, Brazos, Burleson, Caldwell, Calhoun, Cameron, Chambers, Colorado, Comal, DeWitt, Fayette, Fort Bend, Galveston, Goliad, Gonzales, Grimes, Guadalupe, Hardin, Harris, Jackson, Jasper, Jefferson, Jim Wells, Karnes, Kerr, Kleberg, Lavaca, Lee, Leon, Liberty, Live Oak, Madison, Matagorda, Montgomery, Newton, Nueces, Orange, Polk, Refugio, Sabine, San Jacinto, San Patricio, Trinity, Tyler, Victoria, Walker, Waller, Washington, Wharton, Willacy, Wilson, San Augustine), Southwestern Louisiana (Acadia, Forrest, Iberia, Lafayette, Vernon, Beauregard, Calcasieu, Cameron (Hackberry), Jefferson Davis, Vermillion, Allen, Natchitoches, Rapides, Sabine)",215.0,Kph,2017,8.0,25.0,2017,8.0,29.0,88.0,95000000.0,94.70984073
2017,Natural,Meteorological,Storm,Tropical cyclone,,Hurricane 'Irma',United States of America (the),USA,Americas,"Keys islands, Monroe, South Florida, Jacksonville (Duval), Marco Island, Naples (Collier), Fort Lauderdale (Broward), Lakeland (Polk), Orlando (Orange), Clay (Florida), Savannah, Tybee Island (Chatham), Brunswick, St. Simons Island (Glynn), McIntosh, Camden (Georgia), Charleston, Folly Beach, the Isle of Palms, Sullivan’s Island (Charleston) Hilton Head, Beaufort, Edisto Beach (Colleton) (South Carolina)",300.0,Kph,2017,9.0,10.0,2017,9.0,28.0,97.0,57000000.0,94.70984073
2017,Natural,Meteorological,Storm,Tropical cyclone,,Hurricane 'Maria',United States of America (the),USA,Americas,"Jersey shore, Seaside Park, Point Pleasant Beach (Ocean), Long Branch (Monmouth) (New Jersey), Fernandina beach (Nassau-Florida)",,Kph,2017,9.0,26.0,2017,9.0,27.0,4.0,,94.70984073
2017,Natural,Meteorological,Storm,Tropical cyclone,,Tropical depression'16/Hurricane 'Nate',United States of America (the),USA,Americas,"Mexico Gulf, Louisiania, Mississippi (coastal areas, Biloxi), Alabama (Dauphin Island, Autauga, Chilton, Lowndes Counties), Florida, South Carolina (Pickens, Laurens, Spartanburg, Newberry, Greenville, Union), North Carolina (Polk, Wilkes, Ashe )",140.0,Kph,2017,10.0,7.0,2017,10.0,8.0,,250000.0,94.70984073
2018,Natural,Meteorological,Storm,Tropical cyclone,,Hurricane Florence,United States of America (the),USA,Americas,"South and North Carolina, Virginia",,Kph,2018,9.0,12.0,2018,9.0,18.0,53.0,14000000.0,97.02312922
2018,Natural,Meteorological,Storm,Tropical cyclone,,Hurricane Michael,United States of America (the),USA,Americas,"Florida, Georgia, Alabama, North Carolina, Virginia, Maryland",250.0,Kph,2018,10.0,10.0,2018,10.0,11.0,49.0,16000000.0,97.02312922
2018,Natural,Meteorological,Storm,Tropical cyclone,,Tropical storm 'Alberto',United States of America (the),USA,Americas,Southeast,,Kph,2018,5.0,27.0,2018,5.0,30.0,5.0,125000.0,97.02312922
2019,Natural,Meteorological,Storm,Tropical cyclone,,Tropical cylone 'Barry',United States of America (the),USA,Americas,"Louisiana, Mississippi, Arkansas, Oklahoma, Great Lakes region",,Kph,2019,7.0,13.0,2019,7.0,15.0,1.0,600000.0,98.78144827
2019,Natural,Meteorological,Storm,Tropical cyclone,,Tropical cyclone 'Dorian',United States of America (the),USA,Americas,"Florida, Georgia, South Carolina, North Carolina, Virginia",150.0,Kph,2019,8.0,28.0,2019,9.0,6.0,10.0,1600000.0,98.78144827
2019,Natural,Meteorological,Storm,Tropical cyclone,,Tropical storm ' Imelda',United States of America (the),USA,Americas,Texas,65.0,Kph,2019,9.0,17.0,2019,9.0,21.0,5.0,3500000.0,98.78144827
2020,Natural,Meteorological,Storm,Tropical cyclone,,Hurricane 'Eta',United States of America (the),USA,Americas,"Florida, North Carolina, Virginia",100.0,Kph,2020,11.0,8.0,2020,11.0,12.0,12.0,1500000.0,100.0
2020,Natural,Meteorological,Storm,Tropical cyclone,,Hurricane 'Hanna',United States of America (the),USA,Americas,Texas,150.0,Kph,2020,7.0,25.0,2020,7.0,25.0,,1100000.0,100.0
2020,Natural,Meteorological,Storm,Tropical cyclone,,Hurricane 'Delta',United States of America (the),USA,Americas,"Louisiana, Texas, Mississippi, Georgia, North and South Carolina",195.0,Kph,2020,10.0,7.0,2020,10.0,11.0,4.0,2900000.0,100.0
2020,Natural,Meteorological,Storm,Tropical cyclone,,Hurricane 'Sally',United States of America (the),USA,Americas,"Alabama, Florida",165.0,Kph,2020,9.0,11.0,2020,9.0,18.0,8.0,6300000.0,100.0
2020,Natural,Meteorological,Storm,Tropical cyclone,,Hurricane 'Zeta',United States of America (the),USA,Americas,"Louisiana, Mississippi, Alabama, northern Georgia, south and North Carolinas",175.0,Kph,2020,10.0,24.0,2020,10.0,30.0,6.0,3500000.0,100.0
2020,Natural,Meteorological,Storm,Tropical cyclone,,Hurricane 'Laura',United States of America (the),USA,Americas,"Louisiana, Texas, Arkansas, Mississippi ",240.0,Kph,2020,8.0,27.0,2020,8.0,28.0,33.0,13000000.0,100.0
2020,Natural,Meteorological,Storm,Tropical cyclone,,Tropical storm 'Cristobal',United States of America (the),USA,Americas,"errebonne, Plaquemines, Lafourche Parishes (Louisiana)",85.0,Kph,2020,6.0,7.0,2020,6.0,7.0,1.0,325000.0,100.0
2020,Natural,Meteorological,Storm,Tropical cyclone,,Hurricane 'Isaias',United States of America (the),USA,Americas,"North Carolina, South Carolina, New York, Maryland, Delaware, New Jersey, Connecticut, Florida, Virginia, Pennsylvania, New Hampshire",,Kph,2020,7.0,31.0,2020,8.0,2.0,16.0,4800000.0,100.0
2021,Natural,Meteorological,Storm,Tropical cyclone,,Hurricane 'Elsa',United States of America (the),USA,Americas,"California, Georgia, Florida",100.0,Kph,2021,7.0,2.0,2021,7.0,9.0,1.0,775000.0,
2021,Natural,Meteorological,Storm,Tropical cyclone,,Tropical depression 'Henri',United States of America (the),USA,Americas,"Rhode Isl., Connecticut, Vermont, New York, New Jersey states",120.0,Kph,2021,8.0,20.0,2021,8.0,25.0,,550000.0,
2021,Natural,Meteorological,Storm,Tropical cyclone,,Tropical storm 'Ida',United States of America (the),USA,Americas,"Louisiana, New York, New Jersey, Maryland, Connecticut, Virginia, Pennsylvania",240.0,Kph,2021,8.0,28.0,2021,9.0,2.0,77.0,10000000.0,
